<?xml version="1.0" encoding="UTF-8"?>
<config>
	<plugin>
		<name>Start</name>
		<navigation>
			<translate>Start</translate>
		</navigation>
		<path>/plugins/medianas_settings/controller/Index.php</path>
		<active>1</active>
		<pos>0</pos>
		<default>1</default>
	</plugin>
	<!--<plugin>-->
	<!--	<name>Audioplayer</name>-->
	<!--	<navigation>-->
	<!--		<translate>Audioplayer</translate>-->
	<!--	</navigation>-->
	<!--	<path>/plugins/medianas_settings/controller/Squeezeplayer.php</path>-->
	<!--	<active>1</active>-->
	<!--	<pos>1</pos>-->
	<!--</plugin>-->
	<plugin>
		<name>Settings / Reboot</name>
		<navigation>
			<translate>Settings / Reboot</translate>
		</navigation>
		<path>/plugins/medianas_settings/controller/Basic.php</path>
		<active>1</active>
		<pos>2</pos>
	</plugin>
	<plugin>
		<name>WiFi / LAN</name>
		<navigation>
			<translate>WiFi / LAN</translate>
		</navigation>
		<path>/plugins/medianas_settings/controller/Wlan.php</path>
		<active>1</active>
		<pos>3</pos>
	</plugin>
	<plugin>
		<name>Filesystem Mount</name>
		<navigation>
			<translate>Filesystem Mount</translate>
		</navigation>
		<path>/plugins/medianas_settings/controller/Filesystem.php</path>
		<active>1</active>
		<pos>4</pos>
	</plugin>
	<!--<plugin>-->
	<!--	<name>Squeezebox Server</name>-->
	<!--	<navigation>-->
	<!--		<translate>Squeezebox Server</translate>-->
	<!--	</navigation>-->
	<!--	<path>/plugins/medianas_settings/controller/Squeezeserver.php</path>-->
	<!--	<active>1</active>-->
	<!--	<pos>5</pos>-->
	<!--</plugin>-->
	<!--<plugin>-->
	<!--	<name>Kodi / XBMC</name>-->
	<!--	<navigation>-->
	<!--		<translate>Kodi / XBMC</translate>-->
	<!--	</navigation>-->
	<!--	<path>/plugins/medianas_settings/controller/Xbmc.php</path>-->
	<!--	<active>1</active>-->
	<!--	<pos>6</pos>-->
	<!--</plugin>-->
	<!--<plugin>-->
	<!--	<name>tellows Callblocker Setup</name>-->
	<!--	<navigation>-->
	<!--		<translate>tellows Callblocker Setup</translate>-->
	<!--	</navigation>-->
	<!--	<path>/plugins/callblocker/controller/Setup.php</path>-->
	<!--	<active>0</active>-->
	<!--	<pos>100</pos>-->
	<!--</plugin>-->
	<!--<plugin>-->
	<!--	<name>tellows Callblocker Blacklist</name>-->
	<!--	<navigation>-->
	<!--		<translate>tellows Callblocker Blacklist</translate>-->
	<!--	</navigation>-->
	<!--	<path>/plugins/callblocker/controller/Blacklist.php</path>-->
	<!--	<active>0</active>-->
	<!--	<pos>101</pos>-->
	<!--</plugin>-->
	<!--<plugin>-->
	<!--	<name>Squeezeplug</name>-->
	<!--	<navigation>-->
	<!--		<translate>Squeezeplug</translate>-->
	<!--	</navigation>-->
	<!--	<path>/plugins/squeezeplug/controller/Setup.php</path>-->
	<!--	<active>0</active>-->
	<!--	<pos>102</pos>-->
	<!--</plugin>-->
	<plugin>
		<name>DLNA-Server</name>
		<navigation>
			<translate>DLNA-Server</translate>
		</navigation>
		<path>/plugins/dlnaserver/controller/Setup.php</path>
		<active>0</active>
		<pos>103</pos>
	</plugin>
	<plugin>
		<name>Advanced Setup Odroid U3</name>
		<navigation>
			<translate>Advanced Setup Odroid U3</translate>
		</navigation>
		<path>/plugins/medianas_settings/controller/AdvancedSetup.php</path>
		<active>0</active>
		<pos>107</pos>
	</plugin>
	<plugin>
		<name>Exampleclass Setup</name>
		<navigation>
			<translate>Exampleclass Setup</translate>
		</navigation>
		<path>/plugins/example/controller/Setup.php</path>
		<active>0</active>
		<pos>112</pos>
	</plugin>
</config>
