{
  "name": "Max2Play API",
  "version": "1.0.0",
  "description": "Max2Play JSON API for web interface functions",
  "hint": "Create with ~/projects/max2play/max2play/public/apidoc$ sudo apidoc -i ../../application/ -o .",
  "title": "Max2Play API",
  "url": "https://max2play",
  "header": {
    "title": "Max2Play API",
    "content": "<h1>Preamble</h1>\n<p>The Max2Play API is work in progress:</p>\n<ul>\n<li>new functions will be released on request by users</li>\n</ul>\n<p>This document offers instructions on how to use the Max2Play web service to access and control data via http requests.</p>\n"
  },
  "footer": {
    "title": "Questions / Remarks?",
    "content": "<h1>Questions / Ideas concerning the Max2Play API?</h1>\n<p>Use the Max2Play forum for requests and bug reports.</p>\n"
  },
  "template": {
    "withGenerator": false,
    "withCompare": false
  },
  "order": [],
  "sampleUrl": false,
  "apidoc": "0.2.0",
  "generator": {
    "name": "apidoc",
    "time": "2016-12-13T14:25:42.043Z",
    "url": "http://apidocjs.com",
    "version": "0.16.1"
  }
}
